<?xml version="1.0" encoding="Windows-1252"?>
<MapCollection xmlns:xsi="http://www.w3.org/2001/XMLSchema-instance" xmlns:xsd="http://www.w3.org/2001/XMLSchema" width="20" height="15">
  <Tiles>
    <Tile id="0" locX="0" locY="0" />
    <Tile id="0" locX="0" locY="1" />
    <Tile id="0" locX="0" locY="2" />
    <Tile id="0" locX="0" locY="3" />
    <Tile id="0" locX="0" locY="4" />
    <Tile id="0" locX="0" locY="5" />
    <Tile id="0" locX="0" locY="6" />
    <Tile id="0" locX="0" locY="7" />
    <Tile id="0" locX="0" locY="8" />
    <Tile id="0" locX="0" locY="9" />
    <Tile id="0" locX="0" locY="10" />
    <Tile id="0" locX="0" locY="11" />
    <Tile id="0" locX="0" locY="12" />
    <Tile id="0" locX="0" locY="13" />
    <Tile id="0" locX="0" locY="14" />
    <Tile id="0" locX="1" locY="0" />
    <Tile id="0" locX="1" locY="1" />
    <Tile id="2" locX="1" locY="2" />
    <Tile id="0" locX="1" locY="3" />
    <Tile id="0" locX="1" locY="4" />
    <Tile id="0" locX="1" locY="5" />
    <Tile id="0" locX="1" locY="6" />
    <Tile id="0" locX="1" locY="7" />
    <Tile id="2" locX="1" locY="8" />
    <Tile id="0" locX="1" locY="9" />
    <Tile id="0" locX="1" locY="10" />
    <Tile id="0" locX="1" locY="11" />
    <Tile id="0" locX="1" locY="12" />
    <Tile id="0" locX="1" locY="13" />
    <Tile id="0" locX="1" locY="14" />
    <Tile id="0" locX="2" locY="0" />
    <Tile id="0" locX="2" locY="1" />
    <Tile id="2" locX="2" locY="2" />
    <Tile id="0" locX="2" locY="3" />
    <Tile id="0" locX="2" locY="4" />
    <Tile id="0" locX="2" locY="5" />
    <Tile id="0" locX="2" locY="6" />
    <Tile id="0" locX="2" locY="7" />
    <Tile id="2" locX="2" locY="8" />
    <Tile id="0" locX="2" locY="9" />
    <Tile id="0" locX="2" locY="10" />
    <Tile id="0" locX="2" locY="11" />
    <Tile id="0" locX="2" locY="12" />
    <Tile id="0" locX="2" locY="13" />
    <Tile id="0" locX="2" locY="14" />
    <Tile id="0" locX="3" locY="0" />
    <Tile id="0" locX="3" locY="1" />
    <Tile id="0" locX="3" locY="2" />
    <Tile id="0" locX="3" locY="3" />
    <Tile id="0" locX="3" locY="4" />
    <Tile id="0" locX="3" locY="5" />
    <Tile id="0" locX="3" locY="6" />
    <Tile id="0" locX="3" locY="7" />
    <Tile id="3" locX="3" locY="8" />
    <Tile id="0" locX="3" locY="9" />
    <Tile id="0" locX="3" locY="10" />
    <Tile id="0" locX="3" locY="11" />
    <Tile id="0" locX="3" locY="12" />
    <Tile id="0" locX="3" locY="13" />
    <Tile id="0" locX="3" locY="14" />
    <Tile id="0" locX="4" locY="0" />
    <Tile id="0" locX="4" locY="1" />
    <Tile id="0" locX="4" locY="2" />
    <Tile id="0" locX="4" locY="3" />
    <Tile id="0" locX="4" locY="4" />
    <Tile id="0" locX="4" locY="5" />
    <Tile id="0" locX="4" locY="6" />
    <Tile id="0" locX="4" locY="7" />
    <Tile id="3" locX="4" locY="8" />
    <Tile id="0" locX="4" locY="9" />
    <Tile id="0" locX="4" locY="10" />
    <Tile id="0" locX="4" locY="11" />
    <Tile id="0" locX="4" locY="12" />
    <Tile id="0" locX="4" locY="13" />
    <Tile id="0" locX="4" locY="14" />
    <Tile id="0" locX="5" locY="0" />
    <Tile id="0" locX="5" locY="1" />
    <Tile id="0" locX="5" locY="2" />
    <Tile id="0" locX="5" locY="3" />
    <Tile id="0" locX="5" locY="4" />
    <Tile id="0" locX="5" locY="5" />
    <Tile id="0" locX="5" locY="6" />
    <Tile id="3" locX="5" locY="7" />
    <Tile id="3" locX="5" locY="8" />
    <Tile id="0" locX="5" locY="9" />
    <Tile id="0" locX="5" locY="10" />
    <Tile id="0" locX="5" locY="11" />
    <Tile id="0" locX="5" locY="12" />
    <Tile id="0" locX="5" locY="13" />
    <Tile id="0" locX="5" locY="14" />
    <Tile id="1" locX="6" locY="0" />
    <Tile id="1" locX="6" locY="1" />
    <Tile id="1" locX="6" locY="2" />
    <Tile id="1" locX="6" locY="3" />
    <Tile id="0" locX="6" locY="4" />
    <Tile id="0" locX="6" locY="5" />
    <Tile id="0" locX="6" locY="6" />
    <Tile id="3" locX="6" locY="7" />
    <Tile id="3" locX="6" locY="8" />
    <Tile id="0" locX="6" locY="9" />
    <Tile id="0" locX="6" locY="10" />
    <Tile id="0" locX="6" locY="11" />
    <Tile id="0" locX="6" locY="12" />
    <Tile id="0" locX="6" locY="13" />
    <Tile id="0" locX="6" locY="14" />
    <Tile id="1" locX="7" locY="0" />
    <Tile id="1" locX="7" locY="1" />
    <Tile id="1" locX="7" locY="2" />
    <Tile id="1" locX="7" locY="3" />
    <Tile id="0" locX="7" locY="4" />
    <Tile id="0" locX="7" locY="5" />
    <Tile id="0" locX="7" locY="6" />
    <Tile id="0" locX="7" locY="7" />
    <Tile id="3" locX="7" locY="8" />
    <Tile id="0" locX="7" locY="9" />
    <Tile id="0" locX="7" locY="10" />
    <Tile id="0" locX="7" locY="11" />
    <Tile id="0" locX="7" locY="12" />
    <Tile id="0" locX="7" locY="13" />
    <Tile id="0" locX="7" locY="14" />
    <Tile id="1" locX="8" locY="0" />
    <Tile id="1" locX="8" locY="1" />
    <Tile id="1" locX="8" locY="2" />
    <Tile id="1" locX="8" locY="3" />
    <Tile id="0" locX="8" locY="4" />
    <Tile id="0" locX="8" locY="5" />
    <Tile id="0" locX="8" locY="6" />
    <Tile id="0" locX="8" locY="7" />
    <Tile id="3" locX="8" locY="8" />
    <Tile id="0" locX="8" locY="9" />
    <Tile id="0" locX="8" locY="10" />
    <Tile id="0" locX="8" locY="11" />
    <Tile id="0" locX="8" locY="12" />
    <Tile id="0" locX="8" locY="13" />
    <Tile id="0" locX="8" locY="14" />
    <Tile id="1" locX="9" locY="0" />
    <Tile id="1" locX="9" locY="1" />
    <Tile id="1" locX="9" locY="2" />
    <Tile id="1" locX="9" locY="3" />
    <Tile id="0" locX="9" locY="4" />
    <Tile id="0" locX="9" locY="5" />
    <Tile id="0" locX="9" locY="6" />
    <Tile id="0" locX="9" locY="7" />
    <Tile id="0" locX="9" locY="8" />
    <Tile id="0" locX="9" locY="9" />
    <Tile id="0" locX="9" locY="10" />
    <Tile id="0" locX="9" locY="11" />
    <Tile id="0" locX="9" locY="12" />
    <Tile id="0" locX="9" locY="13" />
    <Tile id="0" locX="9" locY="14" />
    <Tile id="1" locX="10" locY="0" />
    <Tile id="1" locX="10" locY="1" />
    <Tile id="1" locX="10" locY="2" />
    <Tile id="1" locX="10" locY="3" />
    <Tile id="0" locX="10" locY="4" />
    <Tile id="0" locX="10" locY="5" />
    <Tile id="0" locX="10" locY="6" />
    <Tile id="0" locX="10" locY="7" />
    <Tile id="0" locX="10" locY="8" />
    <Tile id="0" locX="10" locY="9" />
    <Tile id="0" locX="10" locY="10" />
    <Tile id="0" locX="10" locY="11" />
    <Tile id="0" locX="10" locY="12" />
    <Tile id="2" locX="10" locY="13" />
    <Tile id="0" locX="10" locY="14" />
    <Tile id="1" locX="11" locY="0" />
    <Tile id="1" locX="11" locY="1" />
    <Tile id="1" locX="11" locY="2" />
    <Tile id="1" locX="11" locY="3" />
    <Tile id="0" locX="11" locY="4" />
    <Tile id="0" locX="11" locY="5" />
    <Tile id="0" locX="11" locY="6" />
    <Tile id="0" locX="11" locY="7" />
    <Tile id="0" locX="11" locY="8" />
    <Tile id="0" locX="11" locY="9" />
    <Tile id="0" locX="11" locY="10" />
    <Tile id="0" locX="11" locY="11" />
    <Tile id="0" locX="11" locY="12" />
    <Tile id="2" locX="11" locY="13" />
    <Tile id="0" locX="11" locY="14" />
    <Tile id="1" locX="12" locY="0" />
    <Tile id="1" locX="12" locY="1" />
    <Tile id="1" locX="12" locY="2" />
    <Tile id="1" locX="12" locY="3" />
    <Tile id="0" locX="12" locY="4" />
    <Tile id="0" locX="12" locY="5" />
    <Tile id="0" locX="12" locY="6" />
    <Tile id="0" locX="12" locY="7" />
    <Tile id="3" locX="12" locY="8" />
    <Tile id="0" locX="12" locY="9" />
    <Tile id="0" locX="12" locY="10" />
    <Tile id="0" locX="12" locY="11" />
    <Tile id="0" locX="12" locY="12" />
    <Tile id="0" locX="12" locY="13" />
    <Tile id="0" locX="12" locY="14" />
    <Tile id="0" locX="13" locY="0" />
    <Tile id="0" locX="13" locY="1" />
    <Tile id="0" locX="13" locY="2" />
    <Tile id="0" locX="13" locY="3" />
    <Tile id="0" locX="13" locY="4" />
    <Tile id="0" locX="13" locY="5" />
    <Tile id="0" locX="13" locY="6" />
    <Tile id="3" locX="13" locY="7" />
    <Tile id="0" locX="13" locY="8" />
    <Tile id="0" locX="13" locY="9" />
    <Tile id="0" locX="13" locY="10" />
    <Tile id="0" locX="13" locY="11" />
    <Tile id="0" locX="13" locY="12" />
    <Tile id="0" locX="13" locY="13" />
    <Tile id="0" locX="13" locY="14" />
    <Tile id="0" locX="14" locY="0" />
    <Tile id="0" locX="14" locY="1" />
    <Tile id="0" locX="14" locY="2" />
    <Tile id="0" locX="14" locY="3" />
    <Tile id="0" locX="14" locY="4" />
    <Tile id="0" locX="14" locY="5" />
    <Tile id="0" locX="14" locY="6" />
    <Tile id="0" locX="14" locY="7" />
    <Tile id="0" locX="14" locY="8" />
    <Tile id="0" locX="14" locY="9" />
    <Tile id="0" locX="14" locY="10" />
    <Tile id="0" locX="14" locY="11" />
    <Tile id="0" locX="14" locY="12" />
    <Tile id="0" locX="14" locY="13" />
    <Tile id="0" locX="14" locY="14" />
    <Tile id="0" locX="15" locY="0" />
    <Tile id="0" locX="15" locY="1" />
    <Tile id="0" locX="15" locY="2" />
    <Tile id="0" locX="15" locY="3" />
    <Tile id="0" locX="15" locY="4" />
    <Tile id="0" locX="15" locY="5" />
    <Tile id="0" locX="15" locY="6" />
    <Tile id="0" locX="15" locY="7" />
    <Tile id="2" locX="15" locY="8" />
    <Tile id="0" locX="15" locY="9" />
    <Tile id="0" locX="15" locY="10" />
    <Tile id="0" locX="15" locY="11" />
    <Tile id="0" locX="15" locY="12" />
    <Tile id="0" locX="15" locY="13" />
    <Tile id="0" locX="15" locY="14" />
    <Tile id="0" locX="16" locY="0" />
    <Tile id="0" locX="16" locY="1" />
    <Tile id="0" locX="16" locY="2" />
    <Tile id="0" locX="16" locY="3" />
    <Tile id="0" locX="16" locY="4" />
    <Tile id="0" locX="16" locY="5" />
    <Tile id="0" locX="16" locY="6" />
    <Tile id="0" locX="16" locY="7" />
    <Tile id="2" locX="16" locY="8" />
    <Tile id="0" locX="16" locY="9" />
    <Tile id="0" locX="16" locY="10" />
    <Tile id="0" locX="16" locY="11" />
    <Tile id="3" locX="16" locY="12" />
    <Tile id="0" locX="16" locY="13" />
    <Tile id="0" locX="16" locY="14" />
    <Tile id="0" locX="17" locY="0" />
    <Tile id="0" locX="17" locY="1" />
    <Tile id="2" locX="17" locY="2" />
    <Tile id="0" locX="17" locY="3" />
    <Tile id="0" locX="17" locY="4" />
    <Tile id="0" locX="17" locY="5" />
    <Tile id="3" locX="17" locY="6" />
    <Tile id="0" locX="17" locY="7" />
    <Tile id="0" locX="17" locY="8" />
    <Tile id="0" locX="17" locY="9" />
    <Tile id="0" locX="17" locY="10" />
    <Tile id="0" locX="17" locY="11" />
    <Tile id="3" locX="17" locY="12" />
    <Tile id="3" locX="17" locY="13" />
    <Tile id="0" locX="17" locY="14" />
    <Tile id="0" locX="18" locY="0" />
    <Tile id="0" locX="18" locY="1" />
    <Tile id="2" locX="18" locY="2" />
    <Tile id="0" locX="18" locY="3" />
    <Tile id="0" locX="18" locY="4" />
    <Tile id="0" locX="18" locY="5" />
    <Tile id="0" locX="18" locY="6" />
    <Tile id="3" locX="18" locY="7" />
    <Tile id="0" locX="18" locY="8" />
    <Tile id="0" locX="18" locY="9" />
    <Tile id="0" locX="18" locY="10" />
    <Tile id="0" locX="18" locY="11" />
    <Tile id="0" locX="18" locY="12" />
    <Tile id="3" locX="18" locY="13" />
    <Tile id="3" locX="18" locY="14" />
    <Tile id="0" locX="19" locY="0" />
    <Tile id="0" locX="19" locY="1" />
    <Tile id="0" locX="19" locY="2" />
    <Tile id="0" locX="19" locY="3" />
    <Tile id="0" locX="19" locY="4" />
    <Tile id="0" locX="19" locY="5" />
    <Tile id="3" locX="19" locY="6" />
    <Tile id="0" locX="19" locY="7" />
    <Tile id="3" locX="19" locY="8" />
    <Tile id="0" locX="19" locY="9" />
    <Tile id="0" locX="19" locY="10" />
    <Tile id="0" locX="19" locY="11" />
    <Tile id="0" locX="19" locY="12" />
    <Tile id="0" locX="19" locY="13" />
    <Tile id="3" locX="19" locY="14" />
  </Tiles>
</MapCollection>